host,a,soa,ns,status_code,aaaa,mx,txt,cdn,cdn-name,cname,ptr,has_internal_ips,internal_ips,caa
1-win64.zip,167.71.21.3,"ns-cloud-a1.googledomains.com, cloud-dns-hostmaster.google.com","ns-cloud-a1.googledomains.com, ns-cloud-a2.googledomains.com, ns-cloud-a3.googledomains.com, ns-cloud-a4.googledomains.com",NOERROR,2604:a880:400:d0::22db:1001,,,,,,,,,
101010.zip,"188.114.96.13, 188.114.97.13, 108.162.192.68, 172.64.32.68, 173.245.58.68, 108.162.193.243, 172.64.33.243, 173.245.59.243","aria.ns.cloudflare.com, dns.cloudflare.com","aria.ns.cloudflare.com, vern.ns.cloudflare.com",NOERROR,"2a06:98c1:3121::d, 2a06:98c1:3120::d, 2606:4700:50::adf5:3a44, 2803:f800:50::6ca2:c044, 2a06:98c1:50::ac40:2044, 2606:4700:58::adf5:3bf3, 2803:f800:50::6ca2:c1f3, 2a06:98c1:50::ac40:21f3",,,True,cloudflare,,,,,
114514.zip,"104.21.76.209, 172.67.201.14","henry.ns.cloudflare.com, dns.cloudflare.com",,NOERROR,"2a06:98c1:3121::3, 2a06:98c1:3120::3",,,True,cloudflare,,,,,
123456.zip,76.76.21.21,"anton.ns.cloudflare.com, dns.cloudflare.com","anton.ns.cloudflare.com, saanvi.ns.cloudflare.com",NOERROR,,,v=spf1 -all,,,,,,,
1337.zip,162.255.119.227,"dns1.registrar-servers.com, hostmaster.registrar-servers.com","dns1.registrar-servers.com, dns2.registrar-servers.com",NOERROR,,"eforward1.registrar-servers.com, eforward3.registrar-servers.com, eforward5.registrar-servers.com, eforward2.registrar-servers.com, eforward4.registrar-servers.com",v=spf1 include:spf.efwd.registrar-servers.com ~all,,,,,,,
142.zip,94.237.28.21,"ns-cloud-c1.googledomains.com, cloud-dns-hostmaster.google.com","ns-cloud-c2.googledomains.com, ns-cloud-c1.googledomains.com, ns-cloud-c4.googledomains.com, ns-cloud-c3.googledomains.com",NOERROR,,,,,,,,,,
1xbet.zip,217.19.248.132,"dns1.safenames.com, hostmaster.safenames.net","dns2.safenames.net, dns3.safenames.org, dns1.safenames.com",NOERROR,,,,,,,,,,
20001.zip,"199.59.243.223, 156.154.132.200, 156.154.133.200","ns1.bodis.com, dnsadmin.bodis.com","dns2.registrar-servers.com, dns1.registrar-servers.com",NOERROR,"2610:a1:1024::200, 2610:a1:1025::200",,,,,88202.bodis.com,,,,
2022.zip,"172.67.192.152, 104.21.36.111, 108.162.195.50, 162.159.44.50, 172.64.35.50, 108.162.194.230, 162.159.38.230, 172.64.34.230","damian.ns.cloudflare.com, dns.cloudflare.com","damian.ns.cloudflare.com, laylah.ns.cloudflare.com",NOERROR,"2606:4700:3035::ac43:c098, 2606:4700:3036::6815:246f, 2606:4700:50::a29f:26e6, 2803:f800:50::6ca2:c2e6, 2a06:98c1:50::ac40:22e6",,,True,cloudflare,,,,,
2023taxreturn.zip,162.255.119.120,"dns1.registrar-servers.com, hostmaster.registrar-servers.com","dns1.registrar-servers.com, dns2.registrar-servers.com",NOERROR,,"eforward1.registrar-servers.com, eforward2.registrar-servers.com, eforward3.registrar-servers.com, eforward4.registrar-servers.com, eforward5.registrar-servers.com",v=spf1 include:spf.efwd.registrar-servers.com ~all,,,,,,,
2024taxes.zip,34.102.136.180,"ns57.domaincontrol.com, dns.jomax.net","ns57.domaincontrol.com, ns58.domaincontrol.com",NOERROR,,,,True,google,,,,,
2024update.zip,34.102.136.180,"ns21.domaincontrol.com, dns.jomax.net","ns21.domaincontrol.com, ns22.domaincontrol.com",NOERROR,,,,True,google,,,,,
2fa.zip,127.0.0.1,,,NOERROR,,,expired,,,,undefined.hostname.localhost,True,127.0.0.1,
3cxupdate.zip,"216.239.38.21, 216.239.34.21, 216.239.36.21, 216.239.32.21","ns-cloud-a1.googledomains.com, cloud-dns-hostmaster.google.com","ns-cloud-a2.googledomains.com, ns-cloud-a1.googledomains.com, ns-cloud-a4.googledomains.com, ns-cloud-a3.googledomains.com",NOERROR,"2001:4860:4802:32::15, 2001:4860:4802:38::15, 2001:4860:4802:36::15, 2001:4860:4802:34::15",,,,,,,,,
3tb.zip,,"lana.ns.cloudflare.com, dns.cloudflare.com","rodney.ns.cloudflare.com, lana.ns.cloudflare.com",NOERROR,,,,True,cloudflare,,,,,
42.zip,"188.114.97.3, 188.114.96.3","rita.ns.cloudflare.com, dns.cloudflare.com","stanley.ns.cloudflare.com, rita.ns.cloudflare.com",NOERROR,"2a06:98c1:3120::3, 2a06:98c1:3121::3",,,True,cloudflare,,,,,
56k.zip,"44.227.65.245, 44.227.76.166","curitiba.ns.porkbun.com, dns.cloudflare.com","curitiba.ns.porkbun.com, maceio.ns.porkbun.com, fortaleza.ns.porkbun.com, salvador.ns.porkbun.com",NOERROR,,,,,,,,,,
60601.zip,199.59.243.223,"ns1.bodis.com, dnsadmin.bodis.com","dns2.registrar-servers.com, dns1.registrar-servers.com",NOERROR,,"eforward3.registrar-servers.com, eforward5.registrar-servers.com, eforward4.registrar-servers.com, eforward1.registrar-servers.com, eforward2.registrar-servers.com",,,,88202.bodis.com,,,,
64bit.zip,"52.33.207.7, 44.230.85.241","curitiba.ns.porkbun.com, dns.cloudflare.com","fortaleza.ns.porkbun.com, maceio.ns.porkbun.com, salvador.ns.porkbun.com, curitiba.ns.porkbun.com",NOERROR,,,,,,,,,,
64k.zip,,"curitiba.ns.porkbun.com, dns.cloudflare.com","curitiba.ns.porkbun.com, fortaleza.ns.porkbun.com, maceio.ns.porkbun.com, salvador.ns.porkbun.com",NOERROR,,,,,,,,,,
76092.zip,"104.21.34.223, 172.67.165.236","david.ns.cloudflare.com, dns.cloudflare.com","david.ns.cloudflare.com, kate.ns.cloudflare.com",NOERROR,"2606:4700:3030::6815:22df, 2606:4700:3034::ac43:a5ec",,,True,cloudflare,,,,,
7zip.zip,"216.239.34.21, 216.239.32.21, 216.239.36.21, 216.239.38.21","ns-cloud-e1.googledomains.com, cloud-dns-hostmaster.google.com","ns-cloud-e1.googledomains.com, ns-cloud-e2.googledomains.com, ns-cloud-e3.googledomains.com, ns-cloud-e4.googledomains.com",NOERROR,"2001:4860:4802:32::15, 2001:4860:4802:38::15, 2001:4860:4802:36::15, 2001:4860:4802:34::15","gmr-smtp-in.l.google.com, alt2.gmr-smtp-in.l.google.com, alt1.gmr-smtp-in.l.google.com, alt3.gmr-smtp-in.l.google.com, alt4.gmr-smtp-in.l.google.com",,,,,,,,
8bit.zip,138.68.189.221,"ns1.box.abcde.foo, hostmaster.box.abcde.foo","ns1.box.abcde.foo, ns2.box.abcde.foo",NOERROR,,box.abcde.foo,v=spf1 mx -all,,,,,,,
90210.zip,,"ns-cloud-e1.googledomains.com, cloud-dns-hostmaster.google.com","ns-cloud-e2.googledomains.com, ns-cloud-e4.googledomains.com, ns-cloud-e1.googledomains.com, ns-cloud-e3.googledomains.com",NOERROR,,,,,,,,,,
95014.zip,"216.239.36.21, 216.239.32.21, 216.239.34.21, 216.239.38.21","ns-cloud-c1.googledomains.com, cloud-dns-hostmaster.google.com",,NOERROR,"2001:4860:4802:36::15, 2001:4860:4802:38::15, 2001:4860:4802:34::15, 2001:4860:4802:32::15",,,,,,,,,
wax.zip,162.255.119.247,"dns1.registrar-servers.com, hostmaster.registrar-servers.com","dns2.registrar-servers.com, dns1.registrar-servers.com",NOERROR,,"eforward5.registrar-servers.com, eforward4.registrar-servers.com, eforward1.registrar-servers.com, eforward2.registrar-servers.com, eforward3.registrar-servers.com",v=spf1 include:spf.efwd.registrar-servers.com ~all,,,,,,,
wdl.zip,"216.239.32.21, 216.239.34.21, 216.239.36.21, 216.239.38.21","ns-cloud-e1.googledomains.com, cloud-dns-hostmaster.google.com","ns-cloud-e1.googledomains.com, ns-cloud-e2.googledomains.com, ns-cloud-e3.googledomains.com, ns-cloud-e4.googledomains.com",NOERROR,"2001:4860:4802:32::15, 2001:4860:4802:34::15, 2001:4860:4802:36::15, 2001:4860:4802:38::15",,,,,,,,,
weave.zip,185.53.177.20,"ns1.eurodns.com, hostmaster.eurodns.com","ns3.eurodns.com, ns1.eurodns.com, ns4.eurodns.com, ns2.eurodns.com",NOERROR,,,,,,,,,,
web-installer.zip,"185.199.111.153, 185.199.108.153, 185.199.109.153, 185.199.110.153","dns1.registrar-servers.com, hostmaster.registrar-servers.com","dns1.registrar-servers.com, dns2.registrar-servers.com",NOERROR,,"eforward4.registrar-servers.com, eforward1.registrar-servers.com, eforward2.registrar-servers.com, eforward3.registrar-servers.com, eforward5.registrar-servers.com",v=spf1 include:spf.efwd.registrar-servers.com ~all,,,,,,,
web.zip,"172.67.156.186, 104.21.8.30","roan.ns.cloudflare.com, dns.cloudflare.com","sima.ns.cloudflare.com, roan.ns.cloudflare.com",NOERROR,"2606:4700:3032::6815:81e, 2606:4700:3034::ac43:9cba",,,True,cloudflare,,,,,
web3.zip,"34.102.136.180, 97.74.100.31, 173.201.68.31","ns59.domaincontrol.com, dns.jomax.net","ns60.domaincontrol.com, ns59.domaincontrol.com",NOERROR,"2603:5:2143::1f, 2603:5:2243::1f",,,True,google,,,,,
web3music.zip,"35.215.73.125, 75.2.77.104, 99.83.229.113","ns1.siteground.net, admins.siteground.com","ns2.siteground.net, ns1.siteground.net",NOERROR,,"mx30.antispam.mailspamprotection.com, mx10.antispam.mailspamprotection.com, mx20.antispam.mailspamprotection.com",v=spf1 +a +mx +ip4:35.215.80.22 include:_spf.mailspamprotection.com ~all,True,google,,,,,
webapp.zip,"44.227.65.245, 44.227.76.166","curitiba.ns.porkbun.com, dns.cloudflare.com","maceio.ns.porkbun.com, curitiba.ns.porkbun.com, salvador.ns.porkbun.com, fortaleza.ns.porkbun.com",NOERROR,,,,,,,,,,
webassembly.zip,162.255.119.9,"dns1.registrar-servers.com, hostmaster.registrar-servers.com","dns1.registrar-servers.com, dns2.registrar-servers.com",NOERROR,,"eforward1.registrar-servers.com, eforward2.registrar-servers.com, eforward3.registrar-servers.com, eforward4.registrar-servers.com, eforward5.registrar-servers.com",v=spf1 include:spf.efwd.registrar-servers.com ~all,,,,,,,
webbrowser.zip,"216.239.38.21, 216.239.32.21, 216.239.34.21, 216.239.36.21","ns-cloud-e1.googledomains.com, cloud-dns-hostmaster.google.com","ns-cloud-e2.googledomains.com, ns-cloud-e3.googledomains.com, ns-cloud-e1.googledomains.com, ns-cloud-e4.googledomains.com",NOERROR,"2001:4860:4802:38::15, 2001:4860:4802:36::15, 2001:4860:4802:32::15, 2001:4860:4802:34::15",,,,,,,,,
webconfig.zip,162.255.119.51,"dns1.registrar-servers.com, hostmaster.registrar-servers.com","dns1.registrar-servers.com, dns2.registrar-servers.com",NOERROR,,"eforward4.registrar-servers.com, eforward1.registrar-servers.com, eforward2.registrar-servers.com, eforward3.registrar-servers.com, eforward5.registrar-servers.com",v=spf1 include:spf.efwd.registrar-servers.com ~all,,,,,,,
webflow.zip,"44.227.76.166, 44.227.65.245","curitiba.ns.porkbun.com, dns.cloudflare.com","curitiba.ns.porkbun.com, fortaleza.ns.porkbun.com, maceio.ns.porkbun.com, salvador.ns.porkbun.com",NOERROR,,,,,,,,,,
webp.zip,80.240.25.239,"dns1.registrar-servers.com, hostmaster.registrar-servers.com","dns1.registrar-servers.com, dns2.registrar-servers.com",NOERROR,,"eforward5.registrar-servers.com, eforward4.registrar-servers.com, eforward1.registrar-servers.com, eforward2.registrar-servers.com, eforward3.registrar-servers.com",v=spf1 include:spf.efwd.registrar-servers.com ~all,,,,,,,
websec.zip,34.102.136.180,"ns21.domaincontrol.com, dns.jomax.net","ns21.domaincontrol.com, ns22.domaincontrol.com",NOERROR,,,,True,google,,,,,
websitebackup.zip,199.59.243.223,"ns1.bodis.com, dnsadmin.bodis.com",,NOERROR,,,,,,88202.bodis.com,,,,
wedeliver.zip,,"curitiba.ns.porkbun.com, dns.cloudflare.com",,NOERROR,,,,,,,,,,
weeb.zip,,"carlos.ns.cloudflare.com, dns.cloudflare.com","carlos.ns.cloudflare.com, delilah.ns.cloudflare.com",NOERROR,,,,True,cloudflare,,,,,
weeklyreport.zip,162.255.119.70,"dns1.registrar-servers.com, hostmaster.registrar-servers.com","dns1.registrar-servers.com, dns2.registrar-servers.com",NOERROR,,"eforward5.registrar-servers.com, eforward4.registrar-servers.com, eforward1.registrar-servers.com, eforward2.registrar-servers.com, eforward3.registrar-servers.com",v=spf1 include:spf.efwd.registrar-servers.com ~all,,,,,,,
weis.zip,192.64.119.185,"dns1.registrar-servers.com, hostmaster.registrar-servers.com","dns1.registrar-servers.com, dns2.registrar-servers.com",NOERROR,,"eforward5.registrar-servers.com, eforward4.registrar-servers.com, eforward1.registrar-servers.com, eforward2.registrar-servers.com, eforward3.registrar-servers.com",v=spf1 include:spf.efwd.registrar-servers.com ~all,,,,,,,
weston.zip,"216.239.38.21, 216.239.32.21, 216.239.36.21, 216.239.34.21","ns-cloud-b1.googledomains.com, cloud-dns-hostmaster.google.com","ns-cloud-b2.googledomains.com, ns-cloud-b1.googledomains.com, ns-cloud-b4.googledomains.com, ns-cloud-b3.googledomains.com",NOERROR,"2001:4860:4802:32::15, 2001:4860:4802:38::15, 2001:4860:4802:34::15, 2001:4860:4802:36::15",,,,,,,,,
weylin.zip,"185.199.111.153, 185.199.109.153, 185.199.108.153, 185.199.110.153","ns43.domaincontrol.com, dns.jomax.net","ns43.domaincontrol.com, ns44.domaincontrol.com",NOERROR,,,,,,,,,,
whitehouse.zip,34.102.136.180,"ns37.domaincontrol.com, dns.jomax.net","ns38.domaincontrol.com, ns37.domaincontrol.com",NOERROR,,,,True,google,,,,,
whoseideawasthis.zip,132.145.54.178,"dns1.registrar-servers.com, hostmaster.registrar-servers.com","dns1.registrar-servers.com, dns2.registrar-servers.com",NOERROR,,"eforward1.registrar-servers.com, eforward2.registrar-servers.com, eforward3.registrar-servers.com, eforward5.registrar-servers.com, eforward4.registrar-servers.com",v=spf1 include:spf.efwd.registrar-servers.com ~all,True,oracle,,,,,
wi-fi.zip,"216.239.32.21, 216.239.34.21, 216.239.36.21, 216.239.38.21","ns-cloud-e1.googledomains.com, cloud-dns-hostmaster.google.com","ns-cloud-e1.googledomains.com, ns-cloud-e2.googledomains.com, ns-cloud-e3.googledomains.com, ns-cloud-e4.googledomains.com",NOERROR,"2001:4860:4802:32::15, 2001:4860:4802:34::15, 2001:4860:4802:36::15, 2001:4860:4802:38::15",,,,,,,,,
widowsnt.zip,3.64.163.50,"ns1.dan.com, dns.jomax.net","ns1.dan.com, ns2.dan.com",NOERROR,,,,,,,,,,
wikipedia.zip,5.78.46.154,"iad0.nichi.link, noc.nichi.co","iad0.nichi.link, nrt0.nichi.link, sin0.nichi.link, sea0.nichi.link",NOERROR,2a01:4ff:1f0:f06c::1,,,,,,,,,
wildfire.zip,192.64.119.37,"dns1.registrar-servers.com, hostmaster.registrar-servers.com","dns2.registrar-servers.com, dns1.registrar-servers.com",NOERROR,,"eforward5.registrar-servers.com, eforward3.registrar-servers.com, eforward1.registrar-servers.com, eforward2.registrar-servers.com, eforward4.registrar-servers.com",v=spf1 include:spf.efwd.registrar-servers.com ~all,,,,,,,
wildflower.zip,192.64.119.114,"dns1.registrar-servers.com, hostmaster.registrar-servers.com","dns2.registrar-servers.com, dns1.registrar-servers.com",NOERROR,,"eforward3.registrar-servers.com, eforward5.registrar-servers.com, eforward4.registrar-servers.com, eforward1.registrar-servers.com, eforward2.registrar-servers.com",v=spf1 include:spf.efwd.registrar-servers.com ~all,,,,,,,
willc.zip,104.248.232.41,"ns-cloud-e1.googledomains.com, cloud-dns-hostmaster.google.com","ns-cloud-e4.googledomains.com, ns-cloud-e2.googledomains.com, ns-cloud-e1.googledomains.com, ns-cloud-e3.googledomains.com",NOERROR,,,,,,,,,,
wim.zip,"217.70.184.55, 217.70.187.10, 213.167.230.110, 173.246.100.237","ns1.gandi.net, hostmaster.gandi.net","ns-9-c.gandi.net, ns-236-a.gandi.net, ns-109-b.gandi.net",NOERROR,,"fb.mail.gandi.net, spool.mail.gandi.net",v=spf1 include:_mailcust.gandi.net ?all,,,,,,,
win-rar.zip,"13.248.243.5, 76.223.105.230, 97.74.102.13, 173.201.70.13","ns25.domaincontrol.com, dns.jomax.net","ns25.domaincontrol.com, ns26.domaincontrol.com",NOERROR,"2603:5:2161::d, 2603:5:2261::d",,,,,,,,,
win-x64.zip,"18.192.231.252, 34.159.132.250","dns1.p01.nsone.net, domains+netlify.netlify.com","dns1.p04.nsone.net, dns2.p04.nsone.net, dns3.p04.nsone.net, dns4.p04.nsone.net",NOERROR,,,,True,google,,,,,
win32-installer.zip,52.60.87.163,"ns1.101domain.com, ADMIN.win32-installer.zip","ns2.101domain.com, ns5.101domain.com, ns1.101domain.com",NOERROR,,,,,,,,,,
win64-installer.zip,52.60.87.163,"ns1.101domain.com, ADMIN.win64-installer.zip","ns2.101domain.com, ns1.101domain.com, ns5.101domain.com",NOERROR,,,,,,,,,,
win7.zip,192.64.119.5,"dns1.registrar-servers.com, hostmaster.registrar-servers.com","dns1.registrar-servers.com, dns2.registrar-servers.com",NOERROR,,"eforward5.registrar-servers.com, eforward4.registrar-servers.com, eforward1.registrar-servers.com, eforward2.registrar-servers.com, eforward3.registrar-servers.com",v=spf1 include:spf.efwd.registrar-servers.com ~all,,,,,,,
winamax.zip,"192.64.119.243, 156.154.132.200, 156.154.133.200","dns1.registrar-servers.com, hostmaster.registrar-servers.com","dns2.registrar-servers.com, dns1.registrar-servers.com",NOERROR,"2610:a1:1024::200, 2610:a1:1025::200","eforward1.registrar-servers.com, eforward5.registrar-servers.com, eforward3.registrar-servers.com, eforward2.registrar-servers.com, eforward4.registrar-servers.com",v=spf1 include:spf.efwd.registrar-servers.com ~all,,,,,,,
windiwsupdate.zip,,"curitiba.ns.porkbun.com, dns.cloudflare.com",,NOERROR,,,,,,,,,,
windowblinds.zip,66.79.209.82,"ns-1525.awsdns-62.org, awsdns-hostmaster.amazon.com","ns-1525.awsdns-62.org, ns-575.awsdns-07.net, ns-448.awsdns-56.com, ns-1995.awsdns-57.co.uk",NOERROR,,,,,,,,,,
windows-11.zip,"188.114.96.13, 188.114.97.13","treasure.ns.cloudflare.com, dns.cloudflare.com","vicente.ns.cloudflare.com, treasure.ns.cloudflare.com",NOERROR,"2a06:98c1:3121::d, 2a06:98c1:3120::d",,,True,cloudflare,,,,,
windows-install.zip,162.255.119.56,"dns1.registrar-servers.com, hostmaster.registrar-servers.com","dns1.registrar-servers.com, dns2.registrar-servers.com",NOERROR,,"eforward5.registrar-servers.com, eforward4.registrar-servers.com, eforward1.registrar-servers.com, eforward2.registrar-servers.com, eforward3.registrar-servers.com",v=spf1 include:spf.efwd.registrar-servers.com ~all,,,,,,,
windows-updater.zip,"52.222.214.124, 52.222.214.28, 52.222.214.100, 52.222.214.18","ns-2.awsdns-00.com, awsdns-hostmaster.amazon.com","ns-1568.awsdns-04.co.uk, ns-2.awsdns-00.com, ns-716.awsdns-25.net, ns-1405.awsdns-47.org",NOERROR,"2600:9000:223d:7a00:17:b912:2000:93a1, 2600:9000:223d:8000:17:b912:2000:93a1, 2600:9000:223d:d800:17:b912:2000:93a1, 2600:9000:223d:1400:17:b912:2000:93a1, 2600:9000:223d:2c00:17:b912:2000:93a1, 2600:9000:223d:8800:17:b912:2000:93a1, 2600:9000:223d:2600:17:b912:2000:93a1, 2600:9000:223d:4600:17:b912:2000:93a1",,,True,cloudfront,,,,,
windows10-security.zip,"3.33.152.147, 15.197.142.173, 97.74.108.29, 173.201.76.29","ns57.domaincontrol.com, dns.jomax.net","ns58.domaincontrol.com, ns57.domaincontrol.com",NOERROR,"2603:5:21c2::1d, 2603:5:22c2::1d",,,,,,,,,
windows11-security.zip,"3.33.152.147, 15.197.142.173, 97.74.107.8, 173.201.75.8","ns15.domaincontrol.com, dns.jomax.net","ns16.domaincontrol.com, ns15.domaincontrol.com",NOERROR,"2603:5:21b0::8, 2603:5:22b0::8",,,,,,,,,
windows12installer.zip,162.255.119.130,"dns1.registrar-servers.com, hostmaster.registrar-servers.com","dns1.registrar-servers.com, dns2.registrar-servers.com",NOERROR,,"eforward1.registrar-servers.com, eforward2.registrar-servers.com, eforward3.registrar-servers.com, eforward4.registrar-servers.com, eforward5.registrar-servers.com",v=spf1 include:spf.efwd.registrar-servers.com ~all,,,,,,,
windows7.zip,3.64.163.50,"ns1.dan.com, dns.jomax.net","ns1.dan.com, ns2.dan.com",NOERROR,,,,,,,,,,
windowsdefenderatplocalonboardingscript.zip,"44.227.76.166, 44.227.65.245","curitiba.ns.porkbun.com, dns.cloudflare.com","curitiba.ns.porkbun.com, fortaleza.ns.porkbun.com, maceio.ns.porkbun.com, salvador.ns.porkbun.com",NOERROR,,,,,,,,,,
windowsdefenderatponboardingpackage.zip,"44.227.65.245, 44.227.76.166","curitiba.ns.porkbun.com, dns.cloudflare.com","maceio.ns.porkbun.com, salvador.ns.porkbun.com, curitiba.ns.porkbun.com, fortaleza.ns.porkbun.com",NOERROR,,,,,,,,,,
windowsinstaller.zip,"216.239.36.21, 216.239.34.21, 216.239.32.21, 216.239.38.21","ns-cloud-d1.googledomains.com, cloud-dns-hostmaster.google.com","ns-cloud-d4.googledomains.com, ns-cloud-d2.googledomains.com, ns-cloud-d3.googledomains.com, ns-cloud-d1.googledomains.com",NOERROR,"2001:4860:4802:38::15, 2001:4860:4802:32::15, 2001:4860:4802:36::15, 2001:4860:4802:34::15",,,,,,,,,
windowsiso.zip,"44.227.76.166, 44.227.65.245","curitiba.ns.porkbun.com, dns.cloudflare.com","curitiba.ns.porkbun.com, fortaleza.ns.porkbun.com, maceio.ns.porkbun.com, salvador.ns.porkbun.com",NOERROR,,,,,,,,,,
windowspatch.zip,192.64.119.177,"dns1.registrar-servers.com, hostmaster.registrar-servers.com","dns1.registrar-servers.com, dns2.registrar-servers.com",NOERROR,,"eforward4.registrar-servers.com, eforward5.registrar-servers.com, eforward3.registrar-servers.com, eforward2.registrar-servers.com, eforward1.registrar-servers.com",v=spf1 include:spf.efwd.registrar-servers.com ~all,,,,,,,
windowsupdatefile.zip,34.102.136.180,"ns15.domaincontrol.com, dns.jomax.net","ns15.domaincontrol.com, ns16.domaincontrol.com",NOERROR,,,,True,google,,,,,
windowupdate.zip,192.64.119.75,"dns1.registrar-servers.com, hostmaster.registrar-servers.com","dns2.registrar-servers.com, dns1.registrar-servers.com",NOERROR,,"eforward5.registrar-servers.com, eforward3.registrar-servers.com, eforward2.registrar-servers.com, eforward1.registrar-servers.com, eforward4.registrar-servers.com",v=spf1 include:spf.efwd.registrar-servers.com ~all,,,,,,,
winhlp32.zip,192.64.119.99,"dns1.registrar-servers.com, hostmaster.registrar-servers.com","dns1.registrar-servers.com, dns2.registrar-servers.com",NOERROR,,"eforward4.registrar-servers.com, eforward1.registrar-servers.com, eforward2.registrar-servers.com, eforward3.registrar-servers.com, eforward5.registrar-servers.com",v=spf1 include:spf.efwd.registrar-servers.com ~all,,,,,,,
wininit.zip,162.255.119.248,"dns1.registrar-servers.com, hostmaster.registrar-servers.com","dns2.registrar-servers.com, dns1.registrar-servers.com",NOERROR,,"eforward4.registrar-servers.com, eforward1.registrar-servers.com, eforward2.registrar-servers.com, eforward3.registrar-servers.com, eforward5.registrar-servers.com",v=spf1 include:spf.efwd.registrar-servers.com ~all,,,,,,,
winlog.zip,217.70.184.38,"ns1.gandi.net, hostmaster.gandi.net","ns-233-b.gandi.net, ns-46-c.gandi.net, ns-99-a.gandi.net",NOERROR,,"fb.mail.gandi.net, spool.mail.gandi.net",v=spf1 include:_mailcust.gandi.net ?all,,,,,,,
winlogon.zip,34.102.136.180,"ns17.domaincontrol.com, dns.jomax.net","ns18.domaincontrol.com, ns17.domaincontrol.com",NOERROR,,,,True,google,,,,,
winrar.zip,3.64.163.50,"ns1.dan.com, dns.jomax.net","ns1.dan.com, ns2.dan.com",NOERROR,,,,,,,,,,
winscp.zip,162.255.119.71,"dns1.registrar-servers.com, hostmaster.registrar-servers.com","dns1.registrar-servers.com, dns2.registrar-servers.com",NOERROR,,"eforward5.registrar-servers.com, eforward4.registrar-servers.com, eforward1.registrar-servers.com, eforward2.registrar-servers.com, eforward3.registrar-servers.com",v=spf1 include:spf.efwd.registrar-servers.com ~all,,,,,,,
winsxs.zip,192.64.119.55,"dns1.registrar-servers.com, hostmaster.registrar-servers.com","dns1.registrar-servers.com, dns2.registrar-servers.com",NOERROR,,"eforward5.registrar-servers.com, eforward4.registrar-servers.com, eforward1.registrar-servers.com, eforward2.registrar-servers.com, eforward3.registrar-servers.com",,,,,,,,
wintermute.zip,"52.33.207.7, 44.230.85.241","curitiba.ns.porkbun.com, dns.cloudflare.com",,NOERROR,,,,,,,,,,
wireshark.zip,52.60.87.163,"ns1.101domain.com, ADMIN.wireshark.zip","ns1.101domain.com, ns5.101domain.com, ns2.101domain.com",NOERROR,,,,,,,,,,
wishmaster.zip,34.102.136.180,"ns75.domaincontrol.com, dns.jomax.net","ns76.domaincontrol.com, ns75.domaincontrol.com",NOERROR,,,,True,google,,,,,
withsecure.zip,192.64.119.172,"dns1.registrar-servers.com, hostmaster.registrar-servers.com","dns2.registrar-servers.com, dns1.registrar-servers.com",NOERROR,,"eforward2.registrar-servers.com, eforward3.registrar-servers.com, eforward5.registrar-servers.com, eforward4.registrar-servers.com, eforward1.registrar-servers.com",v=spf1 include:spf.efwd.registrar-servers.com ~all,,,,,,,
woke.zip,"34.102.136.180, 97.74.100.21, 173.201.68.21","ns41.domaincontrol.com, dns.jomax.net","ns41.domaincontrol.com, ns42.domaincontrol.com",NOERROR,"2603:5:2142::15, 2603:5:2242::15",,,True,google,,,,,
woodlands.zip,192.64.119.117,"dns1.registrar-servers.com, hostmaster.registrar-servers.com","dns2.registrar-servers.com, dns1.registrar-servers.com",NOERROR,,"eforward5.registrar-servers.com, eforward2.registrar-servers.com, eforward4.registrar-servers.com, eforward3.registrar-servers.com, eforward1.registrar-servers.com",,,,,,,,
worddoc.zip,192.64.119.17,"dns1.registrar-servers.com, hostmaster.registrar-servers.com","dns1.registrar-servers.com, dns2.registrar-servers.com",NOERROR,,"eforward5.registrar-servers.com, eforward2.registrar-servers.com, eforward1.registrar-servers.com, eforward4.registrar-servers.com, eforward3.registrar-servers.com",v=spf1 include:spf.efwd.registrar-servers.com ~all,,,maliciousdomains.com,,,,
wordpress.zip,13.214.133.200,"dana.ns.cloudflare.com, dns.cloudflare.com","dana.ns.cloudflare.com, lakas.ns.cloudflare.com",NOERROR,,"route2.mx.cloudflare.net, route1.mx.cloudflare.net, route3.mx.cloudflare.net",v=spf1 include:_spf.mx.cloudflare.net ~all,,,,,,,
wordupdate.zip,192.64.119.238,"dns1.registrar-servers.com, hostmaster.registrar-servers.com","dns2.registrar-servers.com, dns1.registrar-servers.com",NOERROR,,"eforward1.registrar-servers.com, eforward2.registrar-servers.com, eforward3.registrar-servers.com, eforward5.registrar-servers.com, eforward4.registrar-servers.com",v=spf1 include:spf.efwd.registrar-servers.com ~all,,,,,,,
workbook1.zip,"216.239.34.21, 216.239.36.21, 216.239.32.21, 216.239.38.21","ns-cloud-d1.googledomains.com, cloud-dns-hostmaster.google.com","ns-cloud-d3.googledomains.com, ns-cloud-d1.googledomains.com, ns-cloud-d4.googledomains.com, ns-cloud-d2.googledomains.com",NOERROR,"2001:4860:4802:32::15, 2001:4860:4802:36::15, 2001:4860:4802:34::15, 2001:4860:4802:38::15",,,,,,,,,
workdocuments.zip,"192.64.119.107, 156.154.132.200, 156.154.133.200","dns1.registrar-servers.com, hostmaster.registrar-servers.com","dns2.registrar-servers.com, dns1.registrar-servers.com",NOERROR,"2610:a1:1024::200, 2610:a1:1025::200","eforward1.registrar-servers.com, eforward3.registrar-servers.com, eforward5.registrar-servers.com, eforward2.registrar-servers.com, eforward4.registrar-servers.com",v=spf1 include:spf.efwd.registrar-servers.com ~all,,,,,,,
workfiles.zip,"104.21.82.122, 172.67.157.229, 108.162.192.197, 172.64.32.197, 173.245.58.197, 108.162.193.66, 172.64.33.66, 173.245.59.66","apollo.ns.cloudflare.com, dns.cloudflare.com","megan.ns.cloudflare.com, apollo.ns.cloudflare.com",NOERROR,"2606:4700:3034::ac43:9de5, 2606:4700:3032::6815:527a, 2606:4700:50::adf5:3ac5, 2803:f800:50::6ca2:c0c5, 2a06:98c1:50::ac40:20c5, 2606:4700:58::adf5:3b42, 2803:f800:50::6ca2:c142, 2a06:98c1:50::ac40:2142",,,True,cloudflare,,,,,
worksheets.zip,199.59.243.223,"ns1.bodis.com, dnsadmin.bodis.com","dns1.registrar-servers.com, dns2.registrar-servers.com",NOERROR,,"eforward1.registrar-servers.com, eforward2.registrar-servers.com, eforward3.registrar-servers.com, eforward4.registrar-servers.com, eforward5.registrar-servers.com",,,,88202.bodis.com,,,,
workspace.zip,216.40.34.41,"ns1.hover.com, dnsmaster.hover.com","ns1.hover.com, ns2.hover.com",NOERROR,,mx.hover.com.cust.hostedemail.com,,,,,,,,
workspaces.zip,216.40.34.41,"ns1.hover.com, dnsmaster.hover.com","ns1.hover.com, ns2.hover.com",NOERROR,,mx.hover.com.cust.hostedemail.com,,,,,,,,
wp-admin.zip,34.102.136.180,"ns77.domaincontrol.com, dns.jomax.net","ns77.domaincontrol.com, ns78.domaincontrol.com",NOERROR,,,,True,google,,,,,
wp-config.zip,209.170.211.179,"ns-cloud-a1.googledomains.com, cloud-dns-hostmaster.google.com","ns-cloud-a3.googledomains.com, ns-cloud-a1.googledomains.com, ns-cloud-a2.googledomains.com, ns-cloud-a4.googledomains.com",NOERROR,,"alt3.gmr-smtp-in.l.google.com, alt1.gmr-smtp-in.l.google.com, gmr-smtp-in.l.google.com, alt2.gmr-smtp-in.l.google.com, alt4.gmr-smtp-in.l.google.com",,,,,,,,
wp-content.zip,34.102.136.180,"ns25.domaincontrol.com, dns.jomax.net","ns25.domaincontrol.com, ns26.domaincontrol.com",NOERROR,,,,True,google,,,,,
wp.zip,"188.114.97.3, 188.114.96.3","pat.ns.cloudflare.com, dns.cloudflare.com","pat.ns.cloudflare.com, plato.ns.cloudflare.com",NOERROR,"2a06:98c1:3120::3, 2a06:98c1:3121::3",,,True,cloudflare,,,,,
writeup.zip,"216.239.36.21, 216.239.38.21, 216.239.34.21, 216.239.32.21","ns-cloud-e1.googledomains.com, cloud-dns-hostmaster.google.com","ns-cloud-e4.googledomains.com, ns-cloud-e3.googledomains.com, ns-cloud-e2.googledomains.com, ns-cloud-e1.googledomains.com",NOERROR,"2001:4860:4802:36::15, 2001:4860:4802:34::15, 2001:4860:4802:38::15, 2001:4860:4802:32::15",,,,,,,,,
wrm.zip,217.70.184.38,"ns1.gandi.net, hostmaster.gandi.net","ns-153-c.gandi.net, ns-212-a.gandi.net, ns-112-b.gandi.net",NOERROR,,"spool.mail.gandi.net, fb.mail.gandi.net",v=spf1 include:_mailcust.gandi.net ?all,,,,,,,
wsl.zip,192.64.119.177,"dns1.registrar-servers.com, hostmaster.registrar-servers.com","dns1.registrar-servers.com, dns2.registrar-servers.com",NOERROR,,"eforward4.registrar-servers.com, eforward1.registrar-servers.com, eforward2.registrar-servers.com, eforward3.registrar-servers.com, eforward5.registrar-servers.com",v=spf1 include:spf.efwd.registrar-servers.com ~all,,,,,,,
wsus.zip,162.255.119.38,"dns1.registrar-servers.com, hostmaster.registrar-servers.com","dns1.registrar-servers.com, dns2.registrar-servers.com",NOERROR,,"eforward2.registrar-servers.com, eforward3.registrar-servers.com, eforward5.registrar-servers.com, eforward4.registrar-servers.com, eforward1.registrar-servers.com",v=spf1 include:spf.efwd.registrar-servers.com ~all,,,,,,,
wustat.zip,,"dns1.registrar-servers.com, hostmaster.registrar-servers.com","dns1.registrar-servers.com, dns2.registrar-servers.com",NOERROR,,"eforward5.registrar-servers.com, eforward4.registrar-servers.com, eforward1.registrar-servers.com, eforward2.registrar-servers.com, eforward3.registrar-servers.com",v=spf1 include:spf.efwd.registrar-servers.com ~all,,,,,,,
wwwroot.zip,54.238.163.34,"ns-cloud-b1.googledomains.com, cloud-dns-hostmaster.google.com","ns-cloud-b1.googledomains.com, ns-cloud-b4.googledomains.com, ns-cloud-b3.googledomains.com, ns-cloud-b2.googledomains.com",NOERROR,,,,,,,,,,
wwww.zip,"172.67.168.20, 104.21.50.55","desi.ns.cloudflare.com, dns.cloudflare.com","desi.ns.cloudflare.com, jake.ns.cloudflare.com",NOERROR,"2606:4700:3035::ac43:a814, 2606:4700:3032::6815:3237",,,True,cloudflare,,,,,
x64.zip,54.205.112.168,"becky.ns.cloudflare.com, dns.cloudflare.com",,NOERROR,,,,,,,,,,
x64installer.zip,,"dns1.registrar-servers.com, hostmaster.registrar-servers.com",,NOERROR,,,,,,,,,,
x86.zip,54.205.112.168,"becky.ns.cloudflare.com, dns.cloudflare.com","becky.ns.cloudflare.com, paul.ns.cloudflare.com",NOERROR,,,,,,,,,,
xcel.zip,217.70.184.38,"ns1.gandi.net, hostmaster.gandi.net","ns-40-b.gandi.net, ns-68-c.gandi.net, ns-31-a.gandi.net",NOERROR,,"fb.mail.gandi.net, spool.mail.gandi.net",v=spf1 include:_mailcust.gandi.net ?all,,,,,,,
xfil.zip,162.255.119.151,"dns1.registrar-servers.com, hostmaster.registrar-servers.com","dns2.registrar-servers.com, dns1.registrar-servers.com",NOERROR,,"eforward1.registrar-servers.com, eforward2.registrar-servers.com, eforward3.registrar-servers.com, eforward5.registrar-servers.com, eforward4.registrar-servers.com",v=spf1 include:spf.efwd.registrar-servers.com ~all,,,,,,,
xfiles.zip,34.102.136.180,"ns55.domaincontrol.com, dns.jomax.net","ns55.domaincontrol.com, ns56.domaincontrol.com",NOERROR,,,,True,google,,,,,
xiazai.zip,"188.114.96.3, 188.114.97.3","rose.ns.cloudflare.com, dns.cloudflare.com","rose.ns.cloudflare.com, tanner.ns.cloudflare.com",NOERROR,"2a06:98c1:3121::3, 2a06:98c1:3120::3",,,True,cloudflare,,,,,
xkeyscore.zip,"162.255.119.196, 156.154.132.200, 156.154.133.200","dns1.registrar-servers.com, hostmaster.registrar-servers.com","dns2.registrar-servers.com, dns1.registrar-servers.com",NOERROR,"2610:a1:1024::200, 2610:a1:1025::200","eforward1.registrar-servers.com, eforward3.registrar-servers.com, eforward5.registrar-servers.com, eforward2.registrar-servers.com, eforward4.registrar-servers.com",v=spf1 include:spf.efwd.registrar-servers.com ~all,,,,,,,
xls.zip,34.206.92.29,"ns-cloud-b1.googledomains.com, cloud-dns-hostmaster.google.com","ns-cloud-b4.googledomains.com, ns-cloud-b3.googledomains.com, ns-cloud-b1.googledomains.com, ns-cloud-b2.googledomains.com",NOERROR,,,,,,,,,,
xltm.zip,80.240.25.239,"dns1.registrar-servers.com, hostmaster.registrar-servers.com","dns2.registrar-servers.com, dns1.registrar-servers.com",NOERROR,,"eforward2.registrar-servers.com, eforward5.registrar-servers.com, eforward3.registrar-servers.com, eforward4.registrar-servers.com, eforward1.registrar-servers.com",v=spf1 include:spf.efwd.registrar-servers.com ~all,,,,,,,
xn--nda.zip,"216.239.32.21, 216.239.36.21, 216.239.38.21, 216.239.34.21","ns-cloud-a1.googledomains.com, cloud-dns-hostmaster.google.com","ns-cloud-a1.googledomains.com, ns-cloud-a4.googledomains.com, ns-cloud-a2.googledomains.com, ns-cloud-a3.googledomains.com",NOERROR,"2001:4860:4802:34::15, 2001:4860:4802:36::15, 2001:4860:4802:38::15, 2001:4860:4802:32::15",,,,,,,,,
xoom.zip,99.83.176.46,"ns1.markmonitor.com, hostmaster.markmonitor.com","ns5.markmonitor.com, ns6.markmonitor.com, ns7.markmonitor.com, ns1.markmonitor.com, ns2.markmonitor.com, ns3.markmonitor.com, ns4.markmonitor.com",NOERROR,,,v=spf1 -all,,,,,,,
xxxxx.zip,"185.199.111.153, 185.199.110.153, 185.199.108.153, 185.199.109.153, 216.239.32.109, 216.239.34.109, 216.239.36.109, 216.239.38.109","ns-cloud-d1.googledomains.com, cloud-dns-hostmaster.google.com","ns-cloud-d2.googledomains.com, ns-cloud-d3.googledomains.com, ns-cloud-d4.googledomains.com, ns-cloud-d1.googledomains.com",NOERROR,"2606:50c0:8001::153, 2606:50c0:8000::153, 2606:50c0:8003::153, 2606:50c0:8002::153, 2001:4860:4802:32::6d, 2001:4860:4802:34::6d, 2001:4860:4802:36::6d, 2001:4860:4802:38::6d",,,,,,,,,
y2k.zip,192.64.119.118,"dns1.registrar-servers.com, hostmaster.registrar-servers.com","dns1.registrar-servers.com, dns2.registrar-servers.com",NOERROR,,"eforward5.registrar-servers.com, eforward4.registrar-servers.com, eforward1.registrar-servers.com, eforward2.registrar-servers.com, eforward3.registrar-servers.com",v=spf1 include:spf.efwd.registrar-servers.com ~all,,,,,,,
yahoo.zip,"104.237.143.51, 216.239.32.106, 216.239.34.106, 216.239.36.106, 216.239.38.106","ns-cloud-a1.googledomains.com, cloud-dns-hostmaster.google.com","ns-cloud-a4.googledomains.com, ns-cloud-a2.googledomains.com, ns-cloud-a1.googledomains.com, ns-cloud-a3.googledomains.com",NOERROR,"2001:4860:4802:32::6a, 2001:4860:4802:34::6a, 2001:4860:4802:36::6a, 2001:4860:4802:38::6a",,,,,,,,,
yandex.zip,52.60.87.163,"ns1.101domain.com, ADMIN.yandex.zip","ns1.101domain.com, ns2.101domain.com, ns5.101domain.com",NOERROR,,,,,,,,,,
yarn.zip,162.255.119.31,"dns1.registrar-servers.com, hostmaster.registrar-servers.com","dns1.registrar-servers.com, dns2.registrar-servers.com",NOERROR,,"eforward2.registrar-servers.com, eforward1.registrar-servers.com, eforward4.registrar-servers.com, eforward3.registrar-servers.com, eforward5.registrar-servers.com",v=spf1 include:spf.efwd.registrar-servers.com ~all,,,,,,,
yartch.zip,172.105.20.254,"betty.ns.cloudflare.com, dns.cloudflare.com","mitch.ns.cloudflare.com, betty.ns.cloudflare.com",NOERROR,,,,,,,,,,"comodoca.com, digicert.com; cansignhttpexchanges=yes, pki.goog; cansignhttpexchanges=yes, letsencrypt.org"
yasuo.zip,162.255.119.129,"dns1.registrar-servers.com, hostmaster.registrar-servers.com","dns1.registrar-servers.com, dns2.registrar-servers.com",NOERROR,,"eforward2.registrar-servers.com, eforward3.registrar-servers.com, eforward5.registrar-servers.com, eforward4.registrar-servers.com, eforward1.registrar-servers.com",v=spf1 include:spf.efwd.registrar-servers.com ~all,,,,,,,
yearlybonus.zip,192.64.119.158,"dns1.registrar-servers.com, hostmaster.registrar-servers.com","dns1.registrar-servers.com, dns2.registrar-servers.com",NOERROR,,"eforward3.registrar-servers.com, eforward5.registrar-servers.com, eforward4.registrar-servers.com, eforward1.registrar-servers.com, eforward2.registrar-servers.com",v=spf1 include:spf.efwd.registrar-servers.com ~all,,,,,,,
yedek.zip,"216.239.38.21, 216.239.36.21, 216.239.32.21, 216.239.34.21, 216.239.32.110, 216.239.34.110, 216.239.36.110, 216.239.38.110","ns-cloud-e1.googledomains.com, cloud-dns-hostmaster.google.com","ns-cloud-e4.googledomains.com, ns-cloud-e1.googledomains.com, ns-cloud-e2.googledomains.com, ns-cloud-e3.googledomains.com",NOERROR,"2001:4860:4802:34::15, 2001:4860:4802:38::15, 2001:4860:4802:32::15, 2001:4860:4802:36::15, 2001:4860:4802:32::6e, 2001:4860:4802:34::6e, 2001:4860:4802:36::6e, 2001:4860:4802:38::6e",,,,,,,,,
yeet.zip,"44.227.76.166, 44.227.65.245, 162.159.11.180, 173.245.58.37, 162.159.10.150, 162.159.8.140","curitiba.ns.porkbun.com, dns.cloudflare.com","maceio.ns.porkbun.com, curitiba.ns.porkbun.com, salvador.ns.porkbun.com, fortaleza.ns.porkbun.com",NOERROR,"2400:cb00:2049:1::a29f:bb4, 2400:cb00:2049:1::adf5:3a25, 2400:cb00:2049:1::a29f:a96, 2400:cb00:2049:1::a29f:88c",,,,,,,,,
yeo.zip,192.64.119.120,"dns1.registrar-servers.com, hostmaster.registrar-servers.com","dns1.registrar-servers.com, dns2.registrar-servers.com",NOERROR,,"eforward1.registrar-servers.com, eforward2.registrar-servers.com, eforward3.registrar-servers.com, eforward4.registrar-servers.com, eforward5.registrar-servers.com","v=spf1 include:spf.efwd.registrar-servers.com ~all, protonmail-verification=70ef8b6f717e315c8b3f0132a02c8c5c6c9ca736",,,,,,,
yiff.zip,192.64.119.21,"dns1.registrar-servers.com, hostmaster.registrar-servers.com","dns1.registrar-servers.com, dns2.registrar-servers.com",NOERROR,,"eforward1.registrar-servers.com, eforward2.registrar-servers.com, eforward3.registrar-servers.com, eforward4.registrar-servers.com, eforward5.registrar-servers.com",v=spf1 include:spf.efwd.registrar-servers.com ~all,,,,,,,
yikes.zip,217.70.184.38,"ns1.gandi.net, hostmaster.gandi.net","ns-103-b.gandi.net, ns-32-c.gandi.net, ns-236-a.gandi.net",NOERROR,,"fb.mail.gandi.net, spool.mail.gandi.net",v=spf1 include:_mailcust.gandi.net ?all,,,,,,,
ykk.zip,192.64.119.216,"dns1.registrar-servers.com, hostmaster.registrar-servers.com","dns2.registrar-servers.com, dns1.registrar-servers.com",NOERROR,,"eforward2.registrar-servers.com, eforward3.registrar-servers.com, eforward5.registrar-servers.com, eforward4.registrar-servers.com, eforward1.registrar-servers.com",v=spf1 include:spf.efwd.registrar-servers.com ~all,,,,,,,
yml.zip,34.102.136.180,"ns57.domaincontrol.com, dns.jomax.net","ns57.domaincontrol.com, ns58.domaincontrol.com",NOERROR,,,,True,google,,,,,
yoran.zip,192.64.119.199,"dns1.registrar-servers.com, hostmaster.registrar-servers.com","dns1.registrar-servers.com, dns2.registrar-servers.com",NOERROR,,"eforward5.registrar-servers.com, eforward4.registrar-servers.com, eforward1.registrar-servers.com, eforward2.registrar-servers.com, eforward3.registrar-servers.com",v=spf1 include:spf.efwd.registrar-servers.com ~all,,,,,,,
yourbackup.zip,216.40.34.41,"ns1.hover.com, dnsmaster.hover.com","ns1.hover.com, ns2.hover.com",NOERROR,,mx.hover.com.cust.hostedemail.com,,,,,,,,
yourdocuments.zip,34.102.136.180,"ns17.domaincontrol.com, dns.jomax.net","ns17.domaincontrol.com, ns18.domaincontrol.com",NOERROR,,,,True,google,,,,,
yourmum.zip,128.199.63.237,"ns1.name.com, hostmaster.nsone.net","ns1vwx.name.com, ns2hkt.name.com, ns4cpw.name.com, ns3fgh.name.com",NOERROR,,,,,,,,,,
yourtickets.zip,192.64.119.187,"dns1.registrar-servers.com, hostmaster.registrar-servers.com","dns2.registrar-servers.com, dns1.registrar-servers.com",NOERROR,,"eforward4.registrar-servers.com, eforward1.registrar-servers.com, eforward2.registrar-servers.com, eforward3.registrar-servers.com, eforward5.registrar-servers.com",v=spf1 include:spf.efwd.registrar-servers.com ~all,,,,,,,
youshouldun.zip,192.64.119.215,"dns1.registrar-servers.com, hostmaster.registrar-servers.com","dns2.registrar-servers.com, dns1.registrar-servers.com",NOERROR,,"eforward5.registrar-servers.com, eforward4.registrar-servers.com, eforward1.registrar-servers.com, eforward2.registrar-servers.com, eforward3.registrar-servers.com",v=spf1 include:spf.efwd.registrar-servers.com ~all,,,,,,,
youwin.zip,34.120.54.55,"ns-cloud-b1.googledomains.com, cloud-dns-hostmaster.google.com","ns-cloud-b3.googledomains.com, ns-cloud-b1.googledomains.com, ns-cloud-b4.googledomains.com, ns-cloud-b2.googledomains.com",NOERROR,2600:1901:0:6d85::,,,True,google,,,,,
ytdl.zip,"216.239.38.21, 216.239.34.21, 216.239.32.21, 216.239.36.21","ns-cloud-a1.googledomains.com, cloud-dns-hostmaster.google.com","ns-cloud-a2.googledomains.com, ns-cloud-a4.googledomains.com, ns-cloud-a3.googledomains.com, ns-cloud-a1.googledomains.com",NOERROR,"2001:4860:4802:36::15, 2001:4860:4802:34::15, 2001:4860:4802:38::15, 2001:4860:4802:32::15",,,,,,,,,
yumi.zip,198.54.120.129,"dns1.registrar-servers.com, hostmaster.registrar-servers.com","dns1.registrar-servers.com, dns2.registrar-servers.com",NOERROR,,,,,,,,,,
z1p.zip,192.64.119.127,"dns1.registrar-servers.com, hostmaster.registrar-servers.com","dns1.registrar-servers.com, dns2.registrar-servers.com",NOERROR,,"eforward5.registrar-servers.com, eforward4.registrar-servers.com, eforward1.registrar-servers.com, eforward2.registrar-servers.com, eforward3.registrar-servers.com",v=spf1 include:spf.efwd.registrar-servers.com ~all,,,,,,,
zach.zip,"216.239.38.21, 216.239.32.21, 216.239.34.21, 216.239.36.21","ns-cloud-d1.googledomains.com, cloud-dns-hostmaster.google.com",,NOERROR,,,,,,,,,,
zalaczniki.zip,,"ns27.domaincontrol.com, dns.jomax.net","ns27.domaincontrol.com, ns28.domaincontrol.com",NOERROR,,,,,,,,,,
zaq.zip,52.60.87.163,"ns1.101domain.com, ADMIN.zaq.zip",,NOERROR,,,,,,,,,,
zdjecia.zip,"44.227.76.166, 44.227.65.245","curitiba.ns.porkbun.com, dns.cloudflare.com","maceio.ns.porkbun.com, salvador.ns.porkbun.com, curitiba.ns.porkbun.com, fortaleza.ns.porkbun.com",NOERROR,,,,,,,,,,
zecure.zip,"195.88.25.166, 23.160.193.178","ns-cloud-b1.googledomains.com, cloud-dns-hostmaster.google.com","ns-cloud-b2.googledomains.com, ns-cloud-b3.googledomains.com, ns-cloud-b4.googledomains.com, ns-cloud-b1.googledomains.com",NOERROR,,,,,,,,,,
zelle.zip,"165.160.13.20, 165.160.15.20","dns1.cscdns.net, hostmaster.cscdns.net","dns1.cscdns.net, dns2.cscdns.net",NOERROR,,custmx.cscdns.net,,,,,,,,
zellepay.zip,"165.160.13.20, 165.160.15.20","dns1.cscdns.net, hostmaster.cscdns.net","dns1.cscdns.net, dns2.cscdns.net",NOERROR,,custmx.cscdns.net,,,,,,,,
zerodays.zip,,"dns1.registrar-servers.com, hostmaster.registrar-servers.com","dns1.registrar-servers.com, dns2.registrar-servers.com",NOERROR,,"eforward5.registrar-servers.com, eforward4.registrar-servers.com, eforward1.registrar-servers.com, eforward2.registrar-servers.com, eforward3.registrar-servers.com",v=spf1 include:spf.efwd.registrar-servers.com ~all,,,,,,,
zettle.zip,99.83.176.46,"ns1.markmonitor.com, hostmaster.markmonitor.com","ns1.markmonitor.com, ns2.markmonitor.com, ns3.markmonitor.com, ns4.markmonitor.com, ns5.markmonitor.com, ns6.markmonitor.com, ns7.markmonitor.com",NOERROR,,,v=spf1 -all,,,,,,,
ziip.zip,192.64.119.36,"dns1.registrar-servers.com, hostmaster.registrar-servers.com","dns2.registrar-servers.com, dns1.registrar-servers.com",NOERROR,,"eforward2.registrar-servers.com, eforward3.registrar-servers.com, eforward5.registrar-servers.com, eforward4.registrar-servers.com, eforward1.registrar-servers.com",v=spf1 include:spf.efwd.registrar-servers.com ~all,,,,,,,
ziparchive.zip,52.60.87.163,"ns1.101domain.com, ADMIN.ziparchive.zip","ns5.101domain.com, ns1.101domain.com, ns2.101domain.com",NOERROR,,,,,,,,,,
zipity.zip,192.64.119.156,"dns1.registrar-servers.com, hostmaster.registrar-servers.com","dns1.registrar-servers.com, dns2.registrar-servers.com",NOERROR,,"eforward5.registrar-servers.com, eforward4.registrar-servers.com, eforward1.registrar-servers.com, eforward2.registrar-servers.com, eforward3.registrar-servers.com",v=spf1 include:spf.efwd.registrar-servers.com ~all,,,,,,,
zipped.zip,"52.33.207.7, 44.230.85.241, 162.159.11.180, 173.245.58.37, 162.159.10.150","curitiba.ns.porkbun.com, dns.cloudflare.com","curitiba.ns.porkbun.com, fortaleza.ns.porkbun.com, maceio.ns.porkbun.com, salvador.ns.porkbun.com",NOERROR,"2400:cb00:2049:1::a29f:bb4, 2400:cb00:2049:1::adf5:3a25, 2400:cb00:2049:1::a29f:a96, 2400:cb00:2049:1::a29f:88c",,,,,,,,,
zipping.zip,"44.227.65.245, 44.227.76.166","curitiba.ns.porkbun.com, dns.cloudflare.com","salvador.ns.porkbun.com, curitiba.ns.porkbun.com, fortaleza.ns.porkbun.com, maceio.ns.porkbun.com",NOERROR,,"fwd2.porkbun.com, fwd1.porkbun.com",v=spf1 include:_spf.porkbun.com ~all,,,,,,,
zippo.zip,162.255.119.135,"dns1.registrar-servers.com, hostmaster.registrar-servers.com","dns1.registrar-servers.com, dns2.registrar-servers.com",NOERROR,,"eforward5.registrar-servers.com, eforward3.registrar-servers.com, eforward4.registrar-servers.com, eforward1.registrar-servers.com, eforward2.registrar-servers.com",v=spf1 include:spf.efwd.registrar-servers.com ~all,,,,,,,
zippyshare.zip,192.64.119.244,"dns1.registrar-servers.com, hostmaster.registrar-servers.com","dns1.registrar-servers.com, dns2.registrar-servers.com",NOERROR,,"eforward4.registrar-servers.com, eforward2.registrar-servers.com, eforward3.registrar-servers.com, eforward5.registrar-servers.com, eforward1.registrar-servers.com",v=spf1 include:spf.efwd.registrar-servers.com ~all,,,,,,,
ziprecruiter.zip,99.83.176.46,"ns1.markmonitor.com, hostmaster.markmonitor.com","ns6.markmonitor.com, ns7.markmonitor.com, ns1.markmonitor.com, ns2.markmonitor.com, ns3.markmonitor.com, ns4.markmonitor.com, ns5.markmonitor.com",NOERROR,,,v=spf1 -all,,,,,,,
zips.zip,3.64.163.50,"ns1.dan.com, dns.jomax.net","ns1.dan.com, ns2.dan.com",NOERROR,,,,,,,,,,
zipworld.zip,"199.59.243.223, 156.154.132.200, 156.154.133.200","ns1.bodis.com, dnsadmin.bodis.com","dns1.registrar-servers.com, dns2.registrar-servers.com",NOERROR,"2610:a1:1024::200, 2610:a1:1025::200",,,,,88202.bodis.com,,,,
zipx.zip,"104.21.41.233, 172.67.195.224, 108.162.192.104, 172.64.32.104, 173.245.58.104, 108.162.193.135, 172.64.33.135, 173.245.59.135","coco.ns.cloudflare.com, dns.cloudflare.com","coco.ns.cloudflare.com, paul.ns.cloudflare.com",NOERROR,"2606:4700:3031::ac43:c3e0, 2606:4700:3032::6815:29e9, 2606:4700:50::adf5:3a68, 2803:f800:50::6ca2:c068, 2a06:98c1:50::ac40:2068, 2606:4700:58::adf5:3b87, 2803:f800:50::6ca2:c187, 2a06:98c1:50::ac40:2187",,,True,cloudflare,,,,,
zipzap.zip,216.40.34.41,"ns1.hover.com, dnsmaster.hover.com","ns1.hover.com, ns2.hover.com",NOERROR,,mx.hover.com.cust.hostedemail.com,,,,,,,,
zmail.zip,138.68.189.221,"ns1.box.abcde.foo, hostmaster.box.abcde.foo","ns1.box.abcde.foo, ns2.box.abcde.foo",NOERROR,,box.abcde.foo,v=spf1 mx -all,,,,,,,
zoe.zip,"216.239.36.21, 216.239.34.21, 216.239.38.21, 216.239.32.21","ns-cloud-a1.googledomains.com, cloud-dns-hostmaster.google.com","ns-cloud-a1.googledomains.com, ns-cloud-a2.googledomains.com, ns-cloud-a4.googledomains.com, ns-cloud-a3.googledomains.com",NOERROR,"2001:4860:4802:32::15, 2001:4860:4802:34::15, 2001:4860:4802:38::15, 2001:4860:4802:36::15",,,,,,,,,
zoo.zip,217.70.184.38,"ns1.gandi.net, hostmaster.gandi.net","ns-44-a.gandi.net, ns-17-c.gandi.net, ns-21-b.gandi.net",NOERROR,,"fb.mail.gandi.net, spool.mail.gandi.net",v=spf1 include:_mailcust.gandi.net ?all,,,,,,,
zoom-invite.zip,,"ns15.domaincontrol.com, dns.jomax.net","ns16.domaincontrol.com, ns15.domaincontrol.com",NOERROR,,,,True,google,,,,,
zoomupdate.zip,34.102.136.180,"ns57.domaincontrol.com, dns.jomax.net","ns57.domaincontrol.com, ns58.domaincontrol.com",NOERROR,,,,True,google,,,,,
zstd.zip,91.195.240.94,"ns1.name.com, hostmaster.nsone.net","ns1ntw.name.com, ns2lns.name.com, ns3fqs.name.com, ns4jpz.name.com",NOERROR,,,,,,,,,,
